,Unnamed: 0,id,source,prompt,ramc_completion,completion_type,completion,new_node_gt,anchor_node_gt,completion_string,simplified_gt_association,simplified_gen_association,simplified_concept_ranked,same_association,same_concept,class_names_gt,names_gt,class_names_gen,names_gen,same_class_name,same_name
2,2,2,experiment_samples/modeling.gmp.gmf-tooling!!plugins_org.eclipse.gmf.graphdef_models_gmfgraph.ecore/test_samples.jsonl,"['EPackage.gmfgraph','EClass.DefaultSizeFacet']"," 0 1 ""{'changeType': 'Add', 'type': 'reference', 'referenceTypeName': 'eStructuralFeatures'}"" _ ""{'changeType': 'Add', 'type': 'object', 'className': 'EReference', 'attributes': {'id': '_aWSc9N6tEei97MD7GK1RmA', 'name':'defaultSize','ordered':'true','unique':'true','lowerBound':'0','upperBound':'1','many':'false','required':'false','eType':'Dimension','eGenericType':'org.eclipse.emf.ecore.impl.EGenericTypeImpl@2e2e0867 (expression: Dimension)','changeable':'true','volatile':'false','transient':'false','unsettable':'false','derived':'false','eContainingClass':'DefaultSizeFacet','containment':'true','container':'false','resolveProxies':'true','eReferenceType':'Dimension'}}""

$$",['Add_node'],"['EClass.DefaultSizeFacet','EReference.defaultSize']",EReference.defaultSize,EClass.DefaultSizeFacet,"[""['EPackage.gmfgraph', 'EClass.MinSizeFacet'],['EPackage.gmfgraph""]","['EClass.DefaultSizeFacet','EReference.defaultSize']","['EPackage.gmfgraph','EClass.MinSizeFacet']",EPackage.gmfgraph,False,False,EReference,defaultSize,EPackage,gmfgraph,False,False
3,3,3,experiment_samples/technology.cbi!!org.eclipse.b3.build_model_B3Build.ecore/test_samples.jsonl,"['EClass.ProvidesPredicate','EOperation.matches'],['EClass.ProvidesPredicate','EOperation.matches'],['EOperation.matches','EParameter.candidate']"," 1 0 ""{'changeType': 'Add', 'type': 'reference', 'referenceTypeName': 'eParameters'}"" _ ""{'changeType': 'Add', 'type': 'object', 'className': 'EParameter', 'attributes': {'id': '_bpgxNd6zEei97MD7GK1RmA', 'name':'candidate','ordered':'true','unique':'true','lowerBound':'0','upperBound':'1','many':'false','required':'false','eType':'Capability','eGenericType':'org.eclipse.emf.ecore.impl.EGenericTypeImpl@7785bbe5 (expression: Capability)','eOperation':'matches'}}""

$$",['Add_node'],"['EOperation.matches','EParameter.candidate']",EParameter.candidate,EOperation.matches,"[""['EClass.ProvidesPredicate', 'EOperation.matches'], ['EClass.ProvidesPredicate', '"", ""['EClass.ProvidesPredicate', 'EOperation.matches']].\n['Hospital', 'DefinedElement'],"", ""['EOperation.matches', 'EParameter.candidate'].\n['EOperation.matches', 'EParameter"", ""['EClass.ProvidesPredicate', 'EOperation.matches'], ['EClass.ProvidesPredicate', '"", ""['EClass.ProvidesPredicate', 'EOperation.matches'], ['EClass.ProvidesPredicate', '"", ""['EClass.Association', 'EOperation.matches'], ['EClass.Property', 'EOperation"", ""['EClass.ProvidesPredicate', 'EType.matches'], ['EClass.ProvidesPredicate', '""]","['EOperation.matches','EParameter.candidate']","['EClass.ProvidesPredicate','EOperation.matches']",EOperation.matches,False,False,EParameter,candidate,EOperation,matches,False,False
4,4,4,experiment_samples/technology.cbi!!org.eclipse.b3.build_model_B3Build.ecore/test_samples.jsonl,"['EClass.BuildContext','EOperation.getEffectiveBuildUnit']"," 0 1 ""{'changeType': 'Add', 'type': 'reference', 'referenceTypeName': 'eParameters'}"" _ ""{'changeType': 'Add', 'type': 'object', 'className': 'EParameter', 'attributes': {'id': '_ewiMaN6zEei97MD7GK1RmA', 'name':'unit','ordered':'true','unique':'true','lowerBound':'0','upperBound':'1','many':'false','required':'false','eType':'BuildUnit','eGenericType':'org.eclipse.emf.ecore.impl.EGenericTypeImpl@20c26698 (expression: BuildUnit)','eOperation':'getEffectiveBuildUnit'}}""

$$",['Add_node'],"['EOperation.getEffectiveBuildUnit','EParameter.unit']",EParameter.unit,EOperation.getEffectiveBuildUnit,"[""['EClass.BuildContext', 'EOperation.getEffectiveBuildUnit']].\n[['Family', 'Member""]","['EOperation.getEffectiveBuildUnit','EParameter.unit']","['EClass.BuildContext','EOperation.getEffectiveBuildUnit']",EClass.BuildContext,False,False,EParameter,unit,EClass,BuildContext,False,False
5,5,5,experiment_samples/modeling.mmt.qvtd!!plugins_org.eclipse.qvtd.pivot.qvtimperative_model_QVTimperative.ecore/test_samples.jsonl,"['EReference.ownedExpression','EAnnotation.ownedExpression']"," 2 0 ""{'changeType': 'Add', 'type': 'reference', 'referenceTypeName': 'details'}"" _ ""{'changeType': 'Add', 'type': 'object', 'className': 'EStringToStringMapEntry', 'attributes': {'id': '_Nek4od6vEei97MD7GK1RmA', 'key':'documentation','value':'The optional expression computing initial content values.'}}""

$$",['Add_node'],"['EAnnotation.ownedExpression','EStringToStringMapEntry.documentation']",EStringToStringMapEntry.documentation,EAnnotation.ownedExpression,"[""['EReference.ownedExpression', 'EAnnotation.ownedExpression']].\n['EReference""]","['EAnnotation.ownedExpression','EStringToStringMapEntry.documentation']","['EReference.ownedExpression','EAnnotation.ownedExpression']",EReference.ownedExpression,False,False,EStringToStringMapEntry,documentation,EReference,ownedExpression,False,False
6,6,6,experiment_samples/modeling.mmt.qvtd!!plugins_org.eclipse.qvtd.pivot.qvtimperative_model_QVTimperative.ecore/test_samples.jsonl,"['EReference.referredTypedModel','EAnnotation.referredTypedModel']"," 0 1 ""{'changeType': 'Add', 'type': 'reference', 'referenceTypeName': 'details'}"" _ ""{'changeType': 'Add', 'type': 'object', 'className': 'EStringToStringMapEntry', 'attributes': {'id': '_Nek5Q96vEei97MD7GK1RmA', 'key':'documentation','value':'The TypedModel that contains the passed value.'}}""

$$",['Add_node'],"['EAnnotation.referredTypedModel','EStringToStringMapEntry.documentation']",EStringToStringMapEntry.documentation,EAnnotation.referredTypedModel,"[""['EAnnotation.referredTypedModel', 'EAnnotation.referredTypedModel'].\n['EAnnotation""]","['EAnnotation.referredTypedModel','EStringToStringMapEntry.documentation']","['EAnnotation.referredTypedModel','EAnnotation.referredTypedModel']",EAnnotation.referredTypedModel,False,False,EStringToStringMapEntry,documentation,EAnnotation,referredTypedModel,False,False
10,10,10,experiment_samples/modeling.emf.emf!!plugins_org.eclipse.emf.codegen.ecore_model_GenModel.ecore/test_samples.jsonl,"['EAnnotation.documentation','EStringToStringMapEntry.documentation'],['EAnnotation.documentation','EStringToStringMapEntry.suppressedIsSetVisibility'],['EAttribute.documentation','EAnnotation.documentation'],['EClass.GenClassifier','EAttribute.documentation']"," 2 1 ""{'changeType': 'Add', 'type': 'reference', 'referenceTypeName': 'details'}"" _ ""{'changeType': 'Add', 'type': 'object', 'className': 'EStringToStringMapEntry', 'attributes': {'id': '_ZLrE896tEei97MD7GK1RmA', 'key':'suppressedUnsetVisibility','value':'true'}}""

$$",['Add_node'],"['EAnnotation.documentation','EStringToStringMapEntry.suppressedUnsetVisibility']",EStringToStringMapEntry.suppressedUnsetVisibility,EAnnotation.documentation,"[""['EAnnotation.documentation', 'EAnnotation.documentation']].\n['EAnnotation.documentation', 'EAnnotation.documentation"", ""['EAnnotation.documentation', 'EAnnotation.documentation']].\n['EAnnotation.documentation', 'EAnnotation.documentation"", ""['EAnnotation.documentation', 'EAttribute.documentation']].\n['EAttribute.documentation', 'EAnnotation.documentation"", ""['EClass.Classifier', 'EAttribute.name'], ['EClass.Classifier', 'EAttribute"", ""['EAnnotation.EAnnotation', 'EStringToStringMapEntry.EAnnotation']].\n['EAnnotation.E"", ""['EAnnotation.documentation', 'EAnnotation.documentation']].\n['EAnnotation.documentation', 'EAnnotation.documentation"", ""['EAnnotation.document', 'EStringToStringMapEntry.document'].\n['EAnnotation.documentation', '"", ""['EAnnotation.documentation', 'EStringToStringMapEntry.suppressedIsSetVisibility']].\n[['E"", ""['EAnnotation.documentation', 'EAnnotation.documentation'], ['EAnnotation.documentation', 'EAnnotation.documentation']"", ""['EAttribute.documentation', 'EAnnotation.documentation'], ['EAttribute.documentation', 'EAnnotation.documentation']"", ""['EAnnotation.documentation', 'EStringToStringMapEntry.documentation'], ['EAnnotation.documentation', 'E"", ""['EAnnotation.documentation', 'EAnnotation.documentation']].\n['EAnnotation.documentation', 'EAnnotation.documentation"", ""['EAnnotation.version', 'EStringToStringMapEntry.version']].\n['EAnnotation.documentation', '"", ""['EAnnotation.documentation', 'EStringToStringMapEntry.suppressedIsSpecifiedVisibility']].[['"", ""['EAnnotation.documentation', 'EStringToStringMapEntry.documentation'].\n['EAnnotation.documentation', '""]","['EAnnotation.documentation','EStringToStringMapEntry.suppressedUnsetVisibility']","['EAnnotation.documentation','EAnnotation.documentation']",EAnnotation.documentation,False,False,EStringToStringMapEntry,suppressedUnsetVisibility,EAnnotation,documentation,False,False
12,12,12,experiment_samples/modeling.mmt.qvt-oml!!plugins_org.eclipse.m2m.qvt.oml_model_QVTOperational.ecore/test_samples.jsonl,"['EClass.ExtendedVisitor','EOperation.visitBlockExp']"," 0 2 ""{'changeType': 'Add', 'type': 'reference', 'referenceTypeName': 'eParameters'}"" _ ""{'changeType': 'Add', 'type': 'object', 'className': 'EParameter', 'attributes': {'id': '_BFzAAt6vEei97MD7GK1RmA', 'name':'blockExp','ordered':'true','unique':'true','lowerBound':'1','upperBound':'1','many':'false','required':'true','eType':'BlockExp','eGenericType':'org.eclipse.emf.ecore.impl.EGenericTypeImpl@367969f2 (expression: BlockExp)','eOperation':'visitBlockExp'}}""

$$",['Add_node'],"['EOperation.visitBlockExp','EParameter.blockExp']",EParameter.blockExp,EOperation.visitBlockExp,"[""['EClass.ExtendedVisitor', 'EOperation.visitBlock']].\n['EClass.ExtendedVisitor""]","['EOperation.visitBlockExp','EParameter.blockExp']","['EClass.ExtendedVisitor','EOperation.visitBlock']",EClass.ExtendedVisitor,False,False,EParameter,blockExp,EClass,ExtendedVisitor,False,False
13,13,13,experiment_samples/tools.buckminster!!org.eclipse.buckminster.rmap_model_rmap.ecore/test_samples.jsonl,"['EEnum.VersionSelectorType','EEnumLiteral.TAG']"," 1 0 ""{'changeType': 'Add', 'type': 'reference', 'referenceTypeName': 'eLiterals'}"" _ ""{'changeType': 'Add', 'type': 'object', 'className': 'EEnumLiteral', 'attributes': {'id': '_n2IqKd60Eei97MD7GK1RmA', 'name':'BRANCH','value':'0','instance':'BRANCH','literal':'BRANCH','eEnum':'VersionSelectorType'}}""

$$",['Add_node'],"['EEnum.VersionSelectorType','EEnumLiteral.BRANCH']",EEnumLiteral.BRANCH,EEnum.VersionSelectorType,"[""['EEnum.VersionSelectorType', 'EEnumLiteral.BUILD'], ['EEnum.VersionSelectorType""]","['EEnum.VersionSelectorType','EEnumLiteral.BRANCH']","['EEnum.VersionSelectorType','EEnumLiteral.BUILD']",EEnum.VersionSelectorType,False,False,EEnumLiteral,BRANCH,EEnum,VersionSelectorType,False,False
14,14,14,experiment_samples/eclipse.e4!!bundles_org.eclipse.e4.ui.model.workbench_model_UIElements.ecore/test_samples.jsonl,"['EClass.Expression','EAnnotation.Expression']"," 2 1 ""{'changeType': 'Add', 'type': 'reference', 'referenceTypeName': 'details'}"" _ ""{'changeType': 'Add', 'type': 'object', 'className': 'EStringToStringMapEntry', 'attributes': {'id': '_XM4dIt6tEei97MD7GK1RmA', 'key':'documentation','value':'<p>\\r\\n<strong>Developers</strong>:\\r\\nAdd more detailed documentation by editing this comment in \\r\\norg.eclipse.ui.model.workbench/model/UIElements.ecore. \\r\\nThere is a GenModel/documentation node under ea'}}""

$$",['Add_node'],"['EAnnotation.Expression','EStringToStringMapEntry.documentation']",EStringToStringMapEntry.documentation,EAnnotation.Expression,"[""['EClass.Expression', 'EAttribute.Expression'],['EClass.Expression', 'EClass.Expression']].""]","['EAnnotation.Expression','EStringToStringMapEntry.documentation']","['EClass.Expression','EAttribute.Expression']",EClass.Expression,False,False,EStringToStringMapEntry,documentation,EClass,Expression,False,False
16,16,16,experiment_samples/eclipse.e4!!bundles_org.eclipse.e4.ui.model.workbench_model_UIElements.ecore/test_samples.jsonl,"['EClass.PartSashContainerElement','EAnnotation.PartSashContainerElement']"," 0 1 ""{'changeType': 'Add', 'type': 'reference', 'referenceTypeName': 'details'}"" _ ""{'changeType': 'Add', 'type': 'object', 'className': 'EStringToStringMapEntry', 'attributes': {'id': '_XM4eUN6tEei97MD7GK1RmA', 'key':'documentation','value':'<p>\\r\\n<strong>Developers</strong>:\\r\\nAdd more detailed documentation by editing this comment in \\r\\norg.eclipse.ui.model.workbench/model/UIElements.ecore. \\r\\nThere is a GenModel/documentation node under ea'}}""

$$",['Add_node'],"['EAnnotation.PartSashContainerElement','EStringToStringMapEntry.documentation']",EStringToStringMapEntry.documentation,EAnnotation.PartSashContainerElement,"[""['EClass.PartSashElement', 'EAnnotation.PartSashElement']].\n\nThe output is""]","['EAnnotation.PartSashContainerElement','EStringToStringMapEntry.documentation']","['EClass.PartSashElement','EAnnotation.PartSashElement']",EClass.PartSashElement,False,False,EStringToStringMapEntry,documentation,EClass,PartSashElement,False,False
17,17,17,experiment_samples/eclipse.e4!!bundles_org.eclipse.e4.ui.model.workbench_model_UIElements.ecore/test_samples.jsonl,"['EReference.rootContext','EAnnotation.rootContext']"," 1 0 ""{'changeType': 'Add', 'type': 'reference', 'referenceTypeName': 'details'}"" _ ""{'changeType': 'Add', 'type': 'object', 'className': 'EStringToStringMapEntry', 'attributes': {'id': '_XM4cEN6tEei97MD7GK1RmA', 'key':'documentation','value':'<p>\\r\\n<strong>Developers</strong>:\\r\\nAdd more detailed documentation by editing this comment in \\r\\norg.eclipse.ui.model.workbench/model/UIElements.ecore. \\r\\nThere is a GenModel/documentation node under ea'}}""

$$",['Add_node'],"['EAnnotation.rootContext','EStringToStringMapEntry.documentation']",EStringToStringMapEntry.documentation,EAnnotation.rootContext,"[""['EAnnotation.rootContext', 'EAnnotation.rootContext']].\n[['EAnnotation', 'EAnnotation""]","['EAnnotation.rootContext','EStringToStringMapEntry.documentation']","['EAnnotation.rootContext','EAnnotation.rootContext']",EAnnotation.rootContext,False,False,EStringToStringMapEntry,documentation,EAnnotation,rootContext,False,False
19,19,19,experiment_samples/eclipse.e4!!bundles_org.eclipse.e4.ui.model.workbench_model_UIElements.ecore/test_samples.jsonl,"['EAttribute.commandName','EAnnotation.commandName']"," 0 1 ""{'changeType': 'Add', 'type': 'reference', 'referenceTypeName': 'details'}"" _ ""{'changeType': 'Add', 'type': 'object', 'className': 'EStringToStringMapEntry', 'attributes': {'id': '_XM4cO96tEei97MD7GK1RmA', 'key':'documentation','value':'<p>\\r\\n<strong>Developers</strong>:\\r\\nAdd more detailed documentation by editing this comment in \\r\\norg.eclipse.ui.model.workbench/model/UIElements.ecore. \\r\\nThere is a GenModel/documentation node under ea'}}""

$$",['Add_node'],"['EAnnotation.commandName','EStringToStringMapEntry.documentation']",EStringToStringMapEntry.documentation,EAnnotation.commandName,"[""['EAttribute.name', 'EAnnotation.name'].\n['EAttribute.value', 'EAnnotation.value""]","['EAnnotation.commandName','EStringToStringMapEntry.documentation']","['EAttribute.name','EAnnotation.name']",EAttribute.name,False,False,EStringToStringMapEntry,documentation,EAttribute,name,False,False
21,21,21,experiment_samples/eclipse.e4!!bundles_org.eclipse.e4.ui.model.workbench_model_UIElements.ecore/test_samples.jsonl,"['EAttribute.accessibilityPhrase','EAnnotation.accessibilityPhrase']"," 0 1 ""{'changeType': 'Add', 'type': 'reference', 'referenceTypeName': 'details'}"" _ ""{'changeType': 'Add', 'type': 'object', 'className': 'EStringToStringMapEntry', 'attributes': {'id': '_XM4c2d6tEei97MD7GK1RmA', 'key':'documentation','value':'<p>\\r\\n<strong>Developers</strong>:\\r\\nAdd more detailed documentation by editing this comment in \\r\\norg.eclipse.ui.model.workbench/model/UIElements.ecore. \\r\\nThere is a GenModel/documentation node under ea'}}""

$$",['Add_node'],"['EAnnotation.accessibilityPhrase','EStringToStringMapEntry.documentation']",EStringToStringMapEntry.documentation,EAnnotation.accessibilityPhrase,"[""['EAnnotation.accessibilityPhrase', 'EAttribute.accessibilityPhrase']].\n[['EAnnotation.accessibility""]","['EAnnotation.accessibilityPhrase','EStringToStringMapEntry.documentation']","['EAnnotation.accessibilityPhrase','EAttribute.accessibilityPhrase']",EAnnotation.accessibilityPhrase,False,False,EStringToStringMapEntry,documentation,EAnnotation,accessibilityPhrase,False,False
23,23,23,experiment_samples/eclipse.e4!!bundles_org.eclipse.e4.ui.model.workbench_model_UIElements.ecore/test_samples.jsonl,"['EReference.descriptors','EAnnotation.descriptors']"," 2 0 ""{'changeType': 'Add', 'type': 'reference', 'referenceTypeName': 'details'}"" _ ""{'changeType': 'Add', 'type': 'object', 'className': 'EStringToStringMapEntry', 'attributes': {'id': '_XM4erN6tEei97MD7GK1RmA', 'key':'documentation','value':'<p>\\r\\n<strong>Developers</strong>:\\r\\nAdd more detailed documentation by editing this comment in \\r\\norg.eclipse.ui.model.workbench/model/UIElements.ecore. \\r\\nThere is a GenModel/documentation node under ea'}}""

$$",['Add_node'],"['EAnnotation.descriptors','EStringToStringMapEntry.documentation']",EStringToStringMapEntry.documentation,EAnnotation.descriptors,"[""['EReference.descriptors', 'EAnnotation.definition']].\n['EReference.descriptors',""]","['EAnnotation.descriptors','EStringToStringMapEntry.documentation']","['EReference.descriptors','EAnnotation.definition']",EReference.descriptors,False,False,EStringToStringMapEntry,documentation,EReference,descriptors,False,False
26,26,26,experiment_samples/eclipse.e4!!bundles_org.eclipse.e4.ui.model.workbench_model_UIElements.ecore/test_samples.jsonl,"['EAttribute.positionInParent','EAnnotation.positionInParent']"," 0 2 ""{'changeType': 'Add', 'type': 'reference', 'referenceTypeName': 'details'}"" _ ""{'changeType': 'Add', 'type': 'object', 'className': 'EStringToStringMapEntry', 'attributes': {'id': '_XM4dz96tEei97MD7GK1RmA', 'key':'documentation','value':'<p>\\r\\n<strong>Developers</strong>:\\r\\nAdd more detailed documentation by editing this comment in \\r\\norg.eclipse.ui.model.workbench/model/UIElements.ecore. \\r\\nThere is a GenModel/documentation node under ea'}}""

$$",['Add_node'],"['EAnnotation.positionInParent','EStringToStringMapEntry.documentation']",EStringToStringMapEntry.documentation,EAnnotation.positionInParent,"[""['EAttribute.positionInParent', 'EAnnotation.positionInParent']].\n\nNote: Each concept is""]","['EAnnotation.positionInParent','EStringToStringMapEntry.documentation']","['EAttribute.positionInParent','EAnnotation.positionInParent']",EAttribute.positionInParent,False,False,EStringToStringMapEntry,documentation,EAttribute,positionInParent,False,False
35,35,35,experiment_samples/modeling.gmp.gmf-tooling!!plugins_org.eclipse.gmf.map_models_gmfmap.ecore/test_samples.jsonl,"['EAnnotation.AuditedMetricTarget','EStringToStringMapEntry.def'],['EClass.AuditedMetricTarget','EAnnotation.AuditedMetricTarget']"," 1 3 ""{'changeType': 'Add', 'type': 'reference', 'referenceTypeName': 'details'}"" _ ""{'changeType': 'Add', 'type': 'object', 'className': 'EStringToStringMapEntry', 'attributes': {'id': '_bLm8jd6tEei97MD7GK1RmA', 'key':'ocl','value':''ecore::EDoubleObject''}}""

$$",['Add_node'],"['EAnnotation.AuditedMetricTarget','EStringToStringMapEntry.ocl']",EStringToStringMapEntry.ocl,EAnnotation.AuditedMetricTarget,"[""['EAnnotation.AuditedMetricTarget', 'EStringToStringMapEntry']].\n['EAnnotation"", ""['EClass.AuditedMetricTarget', 'EAnnotation.AuditedMetricTarget']]\n['E"", ""['EAnnotation.AuditedMetricTarget', 'EStringToStringMapEntry.value'], ['EAnnotation""]","['EAnnotation.AuditedMetricTarget','EStringToStringMapEntry.ocl']","['EAnnotation.AuditedMetricTarget','EStringToStringMapEntry']",EAnnotation.AuditedMetricTarget,False,False,EStringToStringMapEntry,ocl,EAnnotation,AuditedMetricTarget,False,False
36,36,36,experiment_samples/modeling.gmp.gmf-tooling!!plugins_org.eclipse.gmf.map_models_gmfmap.ecore/test_samples.jsonl,"['EAnnotation.element','EStringToStringMapEntry.description'],['EReference.element','EAnnotation.element']"," 1 0 ""{'changeType': 'Add', 'type': 'reference', 'referenceTypeName': 'details'}"" _ ""{'changeType': 'Add', 'type': 'object', 'className': 'EStringToStringMapEntry', 'attributes': {'id': '_bLm8bN6tEei97MD7GK1RmA', 'key':'ocl','value':'element.oclIsKindOf(notation::View)'}}""

$$",['Add_node'],"['EAnnotation.element','EStringToStringMapEntry.ocl']",EStringToStringMapEntry.ocl,EAnnotation.element,"[""['EAnnotation.element', 'EStringToStringMapEntry.name']].\n[['person', 'writing']"", ""['EReference.element', 'EReference.element'], ['EReference.element', 'ER"", ""['EAnnotation.element', 'EStringToStringMapEntry.description'],['EAnnotation.element', 'EString""]","['EAnnotation.element','EStringToStringMapEntry.ocl']","['EAnnotation.element','EStringToStringMapEntry.name']",EAnnotation.element,False,False,EStringToStringMapEntry,ocl,EAnnotation,element,False,False
55,55,55,experiment_samples/science.eavp!!org.eclipse.eavp.geometry.view.model_model_org.eclipse.eavp.geometry.view.model.ecore/test_samples.jsonl,"['EClass.ColorOption','EAnnotation.ColorOption']"," 0 2 ""{'changeType': 'Add', 'type': 'reference', 'referenceTypeName': 'details'}"" _ ""{'changeType': 'Add', 'type': 'object', 'className': 'EStringToStringMapEntry', 'attributes': {'id': '_huJJqN6vEei97MD7GK1RmA', 'key':'documentation','value':'An option which will set the mesh's color. '}}""

$$",['Add_node'],"['EAnnotation.ColorOption','EStringToStringMapEntry.documentation']",EStringToStringMapEntry.documentation,EAnnotation.ColorOption,"[""['EClass.ColorOption', 'EAnnotation.ColorOption'],\n['EClass.ColorOption', 'E""]","['EAnnotation.ColorOption','EStringToStringMapEntry.documentation']","['EClass.ColorOption','EAnnotation.ColorOption']",EClass.ColorOption,False,False,EStringToStringMapEntry,documentation,EClass,ColorOption,False,False
58,58,58,experiment_samples/modeling.mmt.qvtd!!plugins_org.eclipse.qvtd.pivot.qvtcore_model_QVTcore.ecore/test_samples.jsonl,"['EAnnotation.validateOppositePropertyIsImplicit','EStringToStringMapEntry.body'],['EOperation.validateOppositePropertyIsImplicit','EAnnotation.validateOppositePropertyIsImplicit'],['EOperation.validateOppositePropertyIsImplicit','EAnnotation.validateOppositePropertyIsImplicit']"," 2 3 ""{'changeType': 'Add', 'type': 'reference', 'referenceTypeName': 'details'}"" _ ""{'changeType': 'Add', 'type': 'object', 'className': 'EStringToStringMapEntry', 'attributes': {'id': '_Jqtlxd6vEei97MD7GK1RmA', 'key':'body','value':'\\n\\tgetReferredTargetProperty().isImplicit\\n\\t\\n'}}""

$$",['Add_node'],"['EAnnotation.validateOppositePropertyIsImplicit','EStringToStringMapEntry.body']",EStringToStringMapEntry.body,EAnnotation.validateOppositePropertyIsImplicit,"[""'EStringToStringMapEntry.data']. [‘EAnnotation.validateOppositePropertyIsImplicit’, ‘"", ""['EOperation.validateOppositePropertyIsExplicit', 'EAnnotation.validateOppositePropertyIsExplicit']"", ""['EAnnotation.validateOppositePropertyIsImplicit', 'EOperation.validateOppositePropertyIsImplicit']"", ""['EAnnotation.validateOppositePropertyIsImplicit', 'EAnnotation.validatePropertyIsOpposite']]."", ""['EAnnotation.validateOppositePropertyIsImplicit', 'EStringToStringMapEntry.name'], ['E"", ""['EAnnotation.validateOppositePropertyIsImplicit', 'EAnnotation.validateOppositePropertyIsImplicit']"", ""['EAnnotation.validateOppositePropertyIsImplicit', 'EStringToStringMapEntry.value']].\n['""]","['EAnnotation.validateOppositePropertyIsImplicit','EStringToStringMapEntry.body']",'EStringToStringMapEntry.data'],EAnnotation.validateOppositePropertyIsImplicit,False,False,EStringToStringMapEntry,body,EAnnotation,validateOppositePropertyIsImplicit,False,False
63,63,63,experiment_samples/modeling.mmt.qvtd!!plugins_org.eclipse.qvtd.xtext.qvtrelation_model_QVTrelationCS.ecore/test_samples.jsonl,"['EClass.TemplateCS','EReference.guardExpression']"," 0 1 ""{'changeType': 'Add', 'type': 'reference', 'referenceTypeName': 'eStructuralFeatures'}"" _ ""{'changeType': 'Add', 'type': 'object', 'className': 'EReference', 'attributes': {'id': '_Z580Y96vEei97MD7GK1RmA', 'name':'ownedGuardExpression','ordered':'true','unique':'true','lowerBound':'0','upperBound':'1','many':'false','required':'false','eType':'ExpCS','eGenericType':'org.eclipse.emf.ecore.impl.EGenericTypeImpl@2f6460b9 (expression: ExpCS)','changeable':'true','volatile':'false','transient':'false','unsettable':'false','derived':'false','eContainingClass':'TemplateCS','containment':'true','container':'false','resolveProxies':'true','eReferenceType':'ExpCS'}}""

$$",['Add_node'],"['EClass.TemplateCS','EReference.ownedGuardExpression']",EReference.ownedGuardExpression,EClass.TemplateCS,"[""['EClass.TemplateCS', 'EReference.guardExpression']].\n[['Person', 'Name'],""]","['EClass.TemplateCS','EReference.ownedGuardExpression']","['EClass.TemplateCS','EReference.guardExpression']",EClass.TemplateCS,False,False,EReference,ownedGuardExpression,EClass,TemplateCS,False,False
68,68,68,experiment_samples/modeling.emft.edapt!!plugins_org.eclipse.emf.edapt.declaration_model_declaration.ecore/test_samples.jsonl,"['EAttribute.breaking','EAnnotation.breaking'],['EClass.Operation','EAttribute.breaking']"," 1 2 ""{'changeType': 'Add', 'type': 'reference', 'referenceTypeName': 'details'}"" _ ""{'changeType': 'Add', 'type': 'object', 'className': 'EStringToStringMapEntry', 'attributes': {'id': '_ZqYZO96tEei97MD7GK1RmA', 'key':'documentation','value':'Whether this operation may cause existing models to need migration. '}}""

$$",['Add_node'],"['EAnnotation.breaking','EStringToStringMapEntry.documentation']",EStringToStringMapEntry.documentation,EAnnotation.breaking,"[""['EAttribute.breaking', 'EArchetype.breaking'],['EAnnotation.breaking', 'E"", ""['EClass.Operation', 'EAttribute.strengthening'].\n[['EClass(Operation)'],"", ""['EAttribute.delete', 'EAnnotation.delete'], ['EAttribute.hide', 'EAnnotation.hide'],""]","['EAnnotation.breaking','EStringToStringMapEntry.documentation']","['EAttribute.breaking','EArchetype.breaking']",EAttribute.breaking,False,False,EStringToStringMapEntry,documentation,EAttribute,breaking,False,False
100,100,100,experiment_samples/modeling.mdt.uml2!!plugins_org.eclipse.uml2.uml_model_UML.ecore/test_samples.jsonl,," 0 4 ""{'changeType': 'Add', 'type': 'reference', 'referenceTypeName': 'details'}"" _ ""{'changeType': 'Add', 'type': 'object', 'className': 'EStringToStringMapEntry', 'attributes': {'id': '_nsWuMt6tEei97MD7GK1RmA', 'key':'documentation','value':'Activity groups are a generic grouping construct for nodes and edges. Nodes and edges can belong to more than one group.\\n\\nThey have no inherent semantics and can be used for various purposes. Subclass'}}""

$$",['Add_node'],,,,,,x,x,False,False,,,x,,False,False
105,105,105,experiment_samples/modeling.mdt.uml2!!plugins_org.eclipse.uml2.uml_model_UML.ecore/test_samples.jsonl,"['EAnnotation.type_and_ordering','EStringToStringMapEntry.documentation'],['EOperation.type_and_ordering','EAnnotation.type_and_ordering'],['EOperation.type_and_ordering','EAnnotation.type_and_ordering']"," 2 1 ""{'changeType': 'Add', 'type': 'reference', 'referenceTypeName': 'details'}"" _ ""{'changeType': 'Add', 'type': 'object', 'className': 'EStringToStringMapEntry', 'attributes': {'id': '_2Y__6t6tEei97MD7GK1RmA', 'key':'documentation','value':'The type and ordering of the result OutputPin are the same as the type and ordering of the variable.\\nresult.type =variable.type and \\nresult.isOrdered = variable.isOrdered'}}""

$$",['Add_node'],"['EAnnotation.type_and_ordering','EStringToStringMapEntry.documentation']",EStringToStringMapEntry.documentation,EAnnotation.type_and_ordering,"[""['EAnnotation.type_and_ordering', 'EStringToStringMapEntry.type']].\n[['EAnnotation"", ""['EAnnotation.type_and_ordering', 'EAnnotation.type_and_ordering']].\n['EAnnotation"", ""['EOperation.type_and_ordering',\n'EAnnotation.type_and_ordering'], ['EOperation.type_,"", ""['EAnnotation.type_and_ordering', 'EStringToStringMapEntry.content'], ['EAnnotation.type"", ""['EAnnotation.type_and_ordering', 'EStringToStringMapEntry.documentation']].\n[['Person',"", ""['EOperation.type_and_ordering', 'EAnnotation.type_and_ordering']].\n['EAnnotation"", ""['EAnnotation.type_and_ordering', 'EAnnotation.type_and_ordering']].\n[['NaturalPerson""]","['EAnnotation.type_and_ordering','EStringToStringMapEntry.documentation']","['EAnnotation.type_and_ordering','EAnnotation.type_and_ordering']",EAnnotation.type_and_ordering,False,False,EStringToStringMapEntry,documentation,EAnnotation,type_and_ordering,False,False
106,106,106,experiment_samples/modeling.mdt.uml2!!plugins_org.eclipse.uml2.uml_model_UML.ecore/test_samples.jsonl,"['EAnnotation.ownedParameter','EStringToStringMapEntry.documentation'],['EReference.ownedParameter','EAnnotation.ownedParameter'],['EReference.ownedParameter','EAnnotation.ownedParameter']"," 2 4 ""{'changeType': 'Add', 'type': 'reference', 'referenceTypeName': 'details'}"" _ ""{'changeType': 'Add', 'type': 'object', 'className': 'EStringToStringMapEntry', 'attributes': {'id': '_wIGjjN6tEei97MD7GK1RmA', 'key':'documentation','value':'References a list of parameters to the behavior which describes the order and type of arguments that can be given when the behavior is invoked and of the values which will be returned when the behavio'}}""

$$",['Add_node'],"['EAnnotation.ownedParameter','EStringToStringMapEntry.documentation']",EStringToStringMapEntry.documentation,EAnnotation.ownedParameter,"[""['EAnnotation.ownAnnotation', 'EStringToStringMapEntry.documentation'], ['EAnnotation.own"", ""['EReference.ownedAnnotation', 'EAnnotation.ownedAnnotation']].\n['EAnnotation."", ""['EReference.ownElement', 'EAnnotation.ownElement']].\n['EReference"", ""['EAnnotation.ownedParameter', 'EAnnotation.ownedParameter']].\n['EAnnotation.owned"", ""['EAnnotation.ownedParameter', 'EAnnotation.ownedParameter']].\n['EAnnotation.owned"", ""['EReference.owningParameter', 'EAnnotation.owningParameter']].\n\nCreate reverse"", ""['EAnnotation.ownedParameter', 'EStringToStringMapEntry.text']].\n['EAnnotation.""]","['EAnnotation.ownedParameter','EStringToStringMapEntry.documentation']","['EAnnotation.ownedParameter','EAnnotation.ownedParameter']",EAnnotation.ownedParameter,False,False,EStringToStringMapEntry,documentation,EAnnotation,ownedParameter,False,False
110,110,110,experiment_samples/modeling.mdt.uml2!!plugins_org.eclipse.uml2.uml_model_UML.ecore/test_samples.jsonl,"['EAnnotation.multiplicity','EStringToStringMapEntry.documentation'],['EOperation.multiplicity','EAnnotation.multiplicity'],['EOperation.multiplicity','EAnnotation.multiplicity']"," 3 4 ""{'changeType': 'Add', 'type': 'reference', 'referenceTypeName': 'details'}"" _ ""{'changeType': 'Add', 'type': 'object', 'className': 'EStringToStringMapEntry', 'attributes': {'id': '_wIHKwd6tEei97MD7GK1RmA', 'key':'documentation','value':'The multiplicity of ExtensionEnd is 0..1 or 1.\\n(self->lowerBound() = 0 or self->lowerBound() = 1) and self->upperBound() = 1'}}""

$$",['Add_node'],"['EAnnotation.multiplicity','EStringToStringMapEntry.documentation']",EStringToStringMapEntry.documentation,EAnnotation.multiplicity,"[""['EmailAddress.multiplicity', 'EStringToStringMapEntry.documentation'],\n['EmailAddress.multip"", ""['EAnnotation.multiplicity', 'EAnnotation.multiplicity']].\n[['Car', 'Vehicle"", ""['EOperation', 'Annotation']].\n['EOperation.multiplicity', 'EAnnotation.multip"", ""['EAnnotation.multiplicity', 'EAnnotation.multiplicity.documentation']].\n['EAnnotation.m"", ""['EAnnotation.multiplicity', 'EStringToStringMapEntry.documentation']].\n['EAnnotation.m"", ""['EAnnotation.multiplicity', 'EAnnotation.multiplicity'].\n\nInput:\n\nThe input is"", ""['EAnnotation.multiplicity', 'EStringToStringMapEntry.example'].\n['EAnnotation.parameters""]","['EAnnotation.multiplicity','EStringToStringMapEntry.documentation']","['EAnnotation.multiplicity','EAnnotation.multiplicity']",EAnnotation.multiplicity,False,False,EStringToStringMapEntry,documentation,EAnnotation,multiplicity,False,False
115,115,115,experiment_samples/modeling.mdt.uml2!!plugins_org.eclipse.uml2.uml_model_UML.ecore/test_samples.jsonl,"['EAnnotation.realizingClassifier','EStringToStringMapEntry.documentation'],['EReference.realizingClassifier','EAnnotation.realizingClassifier'],['EReference.realizingClassifier','EAnnotation.realizingClassifier']"," 2 4 ""{'changeType': 'Add', 'type': 'reference', 'referenceTypeName': 'details'}"" _ ""{'changeType': 'Add', 'type': 'object', 'className': 'EStringToStringMapEntry', 'attributes': {'id': '_0oCKXd6tEei97MD7GK1RmA', 'key':'documentation','value':'The classifiers that are involved in the implementation of the Component that owns this Realization.\\n<p>Merged from package UML (URI {@literal http://www.omg.org/spec/UML/20110701}).</p>'}}""

$$",['Add_node'],"['EAnnotation.realizingClassifier','EStringToStringMapEntry.documentation']",EStringToStringMapEntry.documentation,EAnnotation.realizingClassifier,"[""['EAnnotation.realizingClassifier', 'EAnnotation.realizingClassifier']].\n\nThere are 4 ways"", ""['EReference.realizingClassifier', 'EAnnotation.realizingClassifier']].\n[['Person', '"", ""['EAnnotation.realizingClassifier', 'EAnnotation.realizingClassifier']].\n['EAnnotation.realizing"", ""['EAnnotation.associatedClassifier', 'EStringToStringMapEntry.documentation']].\n['EAnnotation.real"", ""['EAnnotation.realizingClassifier', 'EStringToStringMapEntry.value'], ['EAnnotation.realizing"", ""['EReference.realizingClassifier', 'EAnnotation.realizingClassifier']].\n[['Family', '"", ""['EAnnotation.realizingClassifier', 'EAnnotation.realizingClassifier']].\n['EAnnotation.deprecated""]","['EAnnotation.realizingClassifier','EStringToStringMapEntry.documentation']","['EAnnotation.realizingClassifier','EAnnotation.realizingClassifier']",EAnnotation.realizingClassifier,False,False,EStringToStringMapEntry,documentation,EAnnotation,realizingClassifier,False,False
117,117,117,experiment_samples/modeling.mdt.uml2!!plugins_org.eclipse.uml2.uml_model_UML.ecore/test_samples.jsonl,"['EAnnotation.result','EStringToStringMapEntry.documentation'],['EReference.result','EAnnotation.result'],['EReference.result','EAnnotation.result']"," 1 4 ""{'changeType': 'Add', 'type': 'reference', 'referenceTypeName': 'details'}"" _ ""{'changeType': 'Add', 'type': 'object', 'className': 'EStringToStringMapEntry', 'attributes': {'id': '_wIIBut6tEei97MD7GK1RmA', 'key':'documentation','value':'The pin on which are put the objects participating in the association at the end not specified by the inputs.'}}""

$$",['Add_node'],"['EAnnotation.result','EStringToStringMapEntry.documentation']",EStringToStringMapEntry.documentation,EAnnotation.result,"[""['EAnnotation.result', 'EAnnotation.result'], ['EAnnotation.result', 'EAnnotation.result']"", ""['EReference.result', 'EAnnotation.value'], ['EReference.result', 'EAnnotation"", ""['EAnnotation.result', 'EAnnotation.result'], ['EAnnotation.result', 'EAnnotation.result']"", ""['EAnnotation.result', 'EStringToStringMapEntry.identifier'], ['EAnnotation.result', 'E"", ""['EAnnotation.result', 'EStringToStringMapEntry[0].documentation']].\n['EAnnotation"", ""['EReference.result', 'EAnnotation.result']].\n['EReference.result', 'E"", ""['EAnnotation.result', 'EAnnotation.resultMapEntry'], ['EAnnotation.result', 'EAnnotation""]","['EAnnotation.result','EStringToStringMapEntry.documentation']","['EAnnotation.result','EAnnotation.result']",EAnnotation.result,False,False,EStringToStringMapEntry,documentation,EAnnotation,result,False,False
122,122,122,experiment_samples/modeling.mdt.uml2!!plugins_org.eclipse.uml2.uml_model_UML.ecore/test_samples.jsonl,"['EAnnotation.ownedEnd','EStringToStringMapEntry.documentation'],['EReference.ownedEnd','EAnnotation.ownedEnd'],['EReference.ownedEnd','EAnnotation.ownedEnd']"," 3 0 ""{'changeType': 'Add', 'type': 'reference', 'referenceTypeName': 'details'}"" _ ""{'changeType': 'Add', 'type': 'object', 'className': 'EStringToStringMapEntry', 'attributes': {'id': '_0oBymt6tEei97MD7GK1RmA', 'key':'documentation','value':'The ends that are owned by the association itself.\\n<p>Merged from package UML (URI {@literal http://www.omg.org/spec/UML/20110701}).</p>'}}""

$$",['Add_node'],"['EAnnotation.ownedEnd','EStringToStringMapEntry.documentation']",EStringToStringMapEntry.documentation,EAnnotation.ownedEnd,"[""['EAnnotation.ownedEnd', 'EStringToStringMapEntry.reference'], ['EAnnotation.owned"", ""['EAnnotation.ownedEnd', 'EAttribute.ownedEnd']].\n['Nurse.owned"", ""['EReference.ownedEnd', 'EReference.ownedEnd']].\n\nSynonymy"", ""['EAnnotation.ownedEnd', 'EStringToStringMapEntry.name'], ['EAnnotation.owned"", ""['EAnnotation.ownedEnd', 'EStringToStringMapEntry.parameters'], ['EAnnotation.owned"", ""['EReference.ownedStart', 'EAnnotation.ownedStart']].\n['Book', 'B"", ""['EAnnotation.ownedEnd', 'EAnnotation.ownedEnd']].\n['EAnnotation.owned""]","['EAnnotation.ownedEnd','EStringToStringMapEntry.documentation']","['EAnnotation.ownedEnd','EStringToStringMapEntry.reference']",EAnnotation.ownedEnd,False,False,EStringToStringMapEntry,documentation,EAnnotation,ownedEnd,False,False
129,129,129,experiment_samples/modeling.mdt.uml2!!plugins_org.eclipse.uml2.uml_model_UML.ecore/test_samples.jsonl,"['EAnnotation.decider','EStringToStringMapEntry.documentation'],['EReference.decider','EAnnotation.decider'],['EReference.decider','EAnnotation.decider']"," 3 1 ""{'changeType': 'Add', 'type': 'reference', 'referenceTypeName': 'details'}"" _ ""{'changeType': 'Add', 'type': 'object', 'className': 'EStringToStringMapEntry', 'attributes': {'id': '_1u0yx96tEei97MD7GK1RmA', 'key':'documentation','value':'An OutputPin on an Action in the test section whose Boolean value determines whether to continue executing the loop bodyPart.\\n<p>From package UML::Actions.</p>'}}""

$$",['Add_node'],"['EAnnotation.decider','EStringToStringMapEntry.documentation']",EStringToStringMapEntry.documentation,EAnnotation.decider,"[""['EAnnotation.decider', 'EStringToMappingEntry.documentation']].\n[['EAnnotation.decider"", ""['EReference.decider', 'EReference.decider']].\n['EReference.dec"", ""['EReference.decider', 'EAnnotation.decider']].\n['Flickr', 'has"", ""['EAnnotation.decider', 'EStringToStringMapEntry.decider']].\n[['Name', '"", ""['EAnnotation.decider', 'EStringToStringMapEntry.undocumented']].\n['EAnnotation"", ""['EReference.decider', 'EAnnotation.decider', 'EReference.decider'],"", ""['EAnnotation.decider', 'EStringToStringMapEntry.verb']]\n# The set of all""]","['EAnnotation.decider','EStringToStringMapEntry.documentation']","['EAnnotation.decider','EStringToMappingEntry.documentation']",EAnnotation.decider,False,False,EStringToStringMapEntry,documentation,EAnnotation,decider,False,False
130,130,130,experiment_samples/modeling.mdt.uml2!!plugins_org.eclipse.uml2.uml_model_UML.ecore/test_samples.jsonl,"['EAnnotation.getUpper','EStringToStringMapEntry.suppressedVisibility'],['EOperation.getUpper','EAnnotation.getUpper'],['EOperation.getUpper','EAnnotation.getUpper'],['EAnnotation.getUpper','EStringToStringMapEntry.documentation']"," 0 4 ""{'changeType': 'Add', 'type': 'reference', 'referenceTypeName': 'details'}"" _ ""{'changeType': 'Add', 'type': 'object', 'className': 'EStringToStringMapEntry', 'attributes': {'id': '_t2OuOt6tEei97MD7GK1RmA', 'key':'documentation','value':'The derived upper attribute must equal the upperBound.\\r\\nresult = upperBound()'}}""

$$",['Add_node'],"['EAnnotation.getUpper','EStringToStringMapEntry.documentation']",EStringToStringMapEntry.documentation,EAnnotation.getUpper,"[""['EAnnotation.getUpper', 'EStringToStringMapEntry.suppressedVisibility'], ['EAnnotation.get"", ""['EOperation.getLower', 'EAnnotation.getLower'], ['EOperation.getUpper','EAnnotation"", ""['EOperation.getLower', 'EAnnotation.getLower'].\n[['student', 'University'], ['"", ""['EAnnotation.getUpper', 'EStringToStringMapEntry']].\n['[[[[[EAnnotation"", ""['EAnnotation.getUpper', 'EStringToStringMapEntry.elementSuppression']].\n['EAnnotation"", ""['EAnnotation.getLower', 'EStringToStringMapEntry.suppressedVisibility']].\n['EAnnotation"", ""['EAnnotation.getUpper', 'EDataTypeSuppressedVisibilityEnum.suppressedVisibility']].\n['E"", ""['EOperation.getName', 'EAnnotation.getUpper'], ['EAnnotation.getName', 'EAnnotation']"", ""['EOperation.getLower', 'EAnnotation.getLower'].\n['EOperation.getUpper', '"", ""['EOperation.getLower', 'EAnnotation.getLower']].\n['EOperation.getUpper', '"", ""['EAnnotation.getUpper', 'EStringToStringMapEntry.suppressedVisibility'], ['EAnnotation.get"", ""['Annotation', 'EAnnotation.getUpper'], ['Annotation', 'EAnnotation.getUpper']].\n['"", ""['EAnnotation.insertedText', 'EAnnotation.getUpper'].\n[['Employee', 'Position'],['"", ""['EAnnotation.getUpper', 'EOperation.getUpper']].\n[['Customer', 'Customer'], ['"", ""['Collection.getUpper', 'Collection.getUpper']].\n['EAnnotation.getLower', 'EAnnotation""]","['EAnnotation.getUpper','EStringToStringMapEntry.documentation']","['EOperation.getLower','EAnnotation.getLower']",EAnnotation.getUpper,False,False,EStringToStringMapEntry,documentation,EAnnotation,getUpper,False,False
131,131,131,experiment_samples/modeling.mdt.uml2!!plugins_org.eclipse.uml2.uml_model_UML.ecore/test_samples.jsonl,"['EAnnotation.multiplicity','EStringToStringMapEntry.documentation'],['EOperation.multiplicity','EAnnotation.multiplicity'],['EOperation.multiplicity','EAnnotation.multiplicity']"," 2 3 ""{'changeType': 'Add', 'type': 'reference', 'referenceTypeName': 'details'}"" _ ""{'changeType': 'Add', 'type': 'object', 'className': 'EStringToStringMapEntry', 'attributes': {'id': '_wIICvd6tEei97MD7GK1RmA', 'key':'documentation','value':'The multiplicity of the result output pin is 1..1.\\nself.result.multiplicity.is(1,1)'}}""

$$",['Add_node'],"['EAnnotation.multiplicity','EStringToStringMapEntry.documentation']",EStringToStringMapEntry.documentation,EAnnotation.multiplicity,"[""['EAnnotation', 'EAnnotation'].\n['EAnnotation.multiplicity', 'EStringToString"", ""['EOperation.multiplicity', 'EAnnotation.multiplicity'], ['EAnnotation.multiplicity"", ""['EOperation.multiplicity', 'EAnnotation.multiplicity'], ['EAnnotation.multiplicity"", ""['EAnnotation.multiplicity', 'EStringToStringMapEntry.documentation']].\n[['Borrower"", ""['EAnnotation.multiplicity', 'EAnnotation.multiplicity.documentation']].\n['EAnnotation.m"", ""['EOperation.multiplicity', 'EAnnotation.multiplicity'],['EOperation.multiplicity',"", ""['EAnnotation', 'EStringToStringMapEntry']].\n[['EAnnotation.multiplicity', '""]","['EAnnotation.multiplicity','EStringToStringMapEntry.documentation']","['EOperation.multiplicity','EAnnotation.multiplicity']",EAnnotation.multiplicity,False,False,EStringToStringMapEntry,documentation,EAnnotation,multiplicity,False,False
134,134,134,experiment_samples/modeling.mdt.uml2!!plugins_org.eclipse.uml2.uml_model_UML.ecore/test_samples.jsonl,"['EAnnotation.ends_of_association','EStringToStringMapEntry.documentation'],['EOperation.ends_of_association','EAnnotation.ends_of_association'],['EOperation.ends_of_association','EAnnotation.ends_of_association']"," 3 1 ""{'changeType': 'Add', 'type': 'reference', 'referenceTypeName': 'details'}"" _ ""{'changeType': 'Add', 'type': 'object', 'className': 'EStringToStringMapEntry', 'attributes': {'id': '_wIIB3d6tEei97MD7GK1RmA', 'key':'documentation','value':'The ends of the association must not be static.\\nself.end.association.memberEnd->forall(e | not e.isStatic)'}}""

$$",['Add_node'],"['EAnnotation.ends_of_association','EStringToStringMapEntry.documentation']",EStringToStringMapEntry.documentation,EAnnotation.ends_of_association,"[""['EAnnotation.end_of_association', 'EStringToStringMapEntry.documentation']].\n['EAnnotation"", ""['EOperation.ends_of_association', 'EAnnotation.ends_of_association']].\n['EAnnotation"", ""['EOperation.ends_of_association', 'EAnnotation.ends_of_association']].\n['EOperation"", ""['EAnnotation.starts_of_association', 'EStringToStringMapEntry.documentation']].\n\n- The"", ""['EAnnotation.fundamental', 'EStringToEAnnotationEndMapEntry.documentation']].\n[['"", ""['EAnnotation.ends_of_association', 'EAnnotation.ends_of_association']].\n['EAnnotation"", ""['EAnnotation.end_of_association', 'EStringToStringMapEntry.documentation']].\n['EAnnotation""]","['EAnnotation.ends_of_association','EStringToStringMapEntry.documentation']","['EAnnotation.end_of_association','EStringToStringMapEntry.documentation']",EAnnotation.ends_of_association,False,False,EStringToStringMapEntry,documentation,EAnnotation,ends_of_association,False,False
142,142,142,experiment_samples/modeling.mdt.uml2!!plugins_org.eclipse.uml2.uml_model_UML.ecore/test_samples.jsonl,"['EAnnotation.type_is_classifier','EStringToStringMapEntry.documentation'],['EOperation.type_is_classifier','EAnnotation.type_is_classifier'],['EOperation.type_is_classifier','EAnnotation.type_is_classifier']"," 4 3 ""{'changeType': 'Add', 'type': 'reference', 'referenceTypeName': 'details'}"" _ ""{'changeType': 'Add', 'type': 'object', 'className': 'EStringToStringMapEntry', 'attributes': {'id': '_wIIBBN6tEei97MD7GK1RmA', 'key':'documentation','value':'The type of the result output pin is the classifier.\\ntrue'}}""

$$",['Add_node'],"['EAnnotation.type_is_classifier','EStringToStringMapEntry.documentation']",EStringToStringMapEntry.documentation,EAnnotation.type_is_classifier,"[""['EAnnotation.type_is_classifier', 'EStringToStringMapEntry.keyword']].\n['EAnnotation.type"", ""['EOperation.type_is_subclass', 'EAnnotation.type_is_subclass']].\n[['Parent',"", ""['EClassification.type_is_classifier', 'EAnnotation.type_is_classifier']].\n['EAnnotation.type_is"", ""['EAnnotation.type_is_classifier', 'EStringToStringMapEntry.identifier'], ['EAnnotation.type_is"", ""['EAnnotation.type_is_classifier', 'EStringToStringMapEntry.service'].\n['EAnnotation.type"", ""['EAnnotation.type_is_classifier', 'EAnnotation.type_is_classifier']].\n['EAnnotation.type_is"", ""['EAnnotation.type_is_classifier', 'EAnnotation.type_is_class']].\n['EAnnotation.type_is""]","['EAnnotation.type_is_classifier','EStringToStringMapEntry.documentation']","['EAnnotation.type_is_classifier','EStringToStringMapEntry.keyword']",EAnnotation.type_is_classifier,False,False,EStringToStringMapEntry,documentation,EAnnotation,type_is_classifier,False,False
143,143,143,experiment_samples/modeling.mdt.uml2!!plugins_org.eclipse.uml2.uml_model_UML.ecore/test_samples.jsonl,"['EAnnotation.multiplicity','EStringToStringMapEntry.documentation'],['EOperation.multiplicity','EAnnotation.multiplicity'],['EOperation.multiplicity','EAnnotation.multiplicity']"," 3 2 ""{'changeType': 'Add', 'type': 'reference', 'referenceTypeName': 'details'}"" _ ""{'changeType': 'Add', 'type': 'object', 'className': 'EStringToStringMapEntry', 'attributes': {'id': '_1u02yd6tEei97MD7GK1RmA', 'key':'documentation','value':'The multiplicity of the InputPins is 1..1.\\nfirst.is(1,1) and second.is(1,1)\\n'}}""

$$",['Add_node'],"['EAnnotation.multiplicity','EStringToStringMapEntry.documentation']",EStringToStringMapEntry.documentation,EAnnotation.multiplicity,"[""['EAnnotation.multiplicity', 'EStringToStringMapEntry.documentation']].\n[['EAnnotation.m"", ""['EOperation.multiplicity', 'EAnnotation.type'], ['EAnnotation.multiplicity', '"", ""['EAnnotation.multiplicity', 'EOperation.multiplicity']].\n['EAnnotation.multip"", ""['EAnnotation.multiplicity', 'EStringToStringMapEntry.name'], ['EAnnotation.multip"", ""['EAnnotation.multiplicity', 'EStringToStringMapEntry.documentation']].\n['EAnnotation.m"", ""['EAnnotation.multiplicity','EAnnotation.multiplicity']].\n['EAnnotation.multiplicity"", ""['EAnnotation.multiplicity', 'EAnnotation.multiplicity.documentation'], ['EAnnotation.multip""]","['EAnnotation.multiplicity','EStringToStringMapEntry.documentation']","['EAnnotation.multiplicity','EStringToStringMapEntry.documentation']",EAnnotation.multiplicity,True,False,EStringToStringMapEntry,documentation,EAnnotation,multiplicity,False,False
147,147,147,experiment_samples/modeling.mdt.uml2!!plugins_org.eclipse.uml2.uml_model_UML.ecore/test_samples.jsonl,"['EAnnotation.qualifier','EStringToStringMapEntry.documentation'],['EReference.qualifier','EAnnotation.qualifier'],['EReference.qualifier','EAnnotation.qualifier']"," 2 4 ""{'changeType': 'Add', 'type': 'reference', 'referenceTypeName': 'details'}"" _ ""{'changeType': 'Add', 'type': 'object', 'className': 'EStringToStringMapEntry', 'attributes': {'id': '_0oBzot6tEei97MD7GK1RmA', 'key':'documentation','value':'An optional list of ordered qualifier attributes for the end. If the list is empty, then the Association is not qualified.\\n<p>Merged from package UML (URI {@literal http://www.omg.org/spec/UML/2011070'}}""

$$",['Add_node'],"['EAnnotation.qualifier','EStringToStringMapEntry.documentation']",EStringToStringMapEntry.documentation,EAnnotation.qualifier,"[""['EAnnotation.qualifier', 'EAnnotation.qualifier']].\n['EAnnotation.qualifier', '"", ""['EReference.id', 'EAnnotation.id']].\n['EReference.qualifier', '"", ""['EAnnotation.qualifier','EReference.qualifier']].\n['residence', 'residence'],"", ""['Eannotation.qualifier', 'Eannotation.qualifier']].\n['EAnnotation.qualifier', '"", ""['EAnnotation.qualifier', 'EStringToStringMapEntry.qualifier']].\n['EAnnotation.qual"", ""['EReference.qualifier', 'EAnnotation.qualifier'], ['EReference.qualifier',"", ""['EAnnotation.qualifier', 'EStringToStringMapEntry.quality'].\n['EAnnotation.qualifier""]","['EAnnotation.qualifier','EStringToStringMapEntry.documentation']","['EAnnotation.qualifier','EAnnotation.qualifier']",EAnnotation.qualifier,False,False,EStringToStringMapEntry,documentation,EAnnotation,qualifier,False,False
148,148,148,experiment_samples/modeling.mdt.uml2!!plugins_org.eclipse.uml2.uml_model_UML.ecore/test_samples.jsonl,"['EAnnotation.allow_access','EStringToStringMapEntry.documentation'],['EOperation.allow_access','EAnnotation.allow_access'],['EOperation.allow_access','EAnnotation.allow_access']"," 2 3 ""{'changeType': 'Add', 'type': 'reference', 'referenceTypeName': 'details'}"" _ ""{'changeType': 'Add', 'type': 'object', 'className': 'EStringToStringMapEntry', 'attributes': {'id': '_wIH6g96tEei97MD7GK1RmA', 'key':'documentation','value':'The visibility of at least one end must allow access to the class using the action.\\ntrue'}}""

$$",['Add_node'],"['EAnnotation.allow_access','EStringToStringMapEntry.documentation']",EStringToStringMapEntry.documentation,EAnnotation.allow_access,"[""['EAnnotation.allow_access', 'EAnnotation.allow_access'].\n\n- » For more information see the"", ""['EOperation.allow_access', 'EAnnotation.technical_info'].\n['EOperation.find_related',"", ""['EOperation.allow_access', 'EAnnotation.allow_access']].\n['EOperation.allow_access', '"", ""['EAnnotation.assigned_to', 'EStringToStringMapEntry.documentation'],['EAnnotation.assigned_to"", ""['EAnnotation.deal_with', 'EStringToStringMapEntry.documentation'], ['EAnnotation.add',"", ""['EAnnotation.allow_access', 'EAnnotation.allow_access']].\n['EAnnotation.allow_access', '"", ""['EAnnotation.allow_access', 'EAnnotation.allow_access'], ['EAnnotation.allow_access', 'E""]","['EAnnotation.allow_access','EStringToStringMapEntry.documentation']","['EAnnotation.allow_access','EAnnotation.allow_access']",EAnnotation.allow_access,False,False,EStringToStringMapEntry,documentation,EAnnotation,allow_access,False,False
150,150,150,experiment_samples/modeling.mdt.uml2!!plugins_org.eclipse.uml2.uml_model_UML.ecore/test_samples.jsonl,"['EAnnotation.QualifierValue','EStringToStringMapEntry.documentation'],['EClass.QualifierValue','EAnnotation.QualifierValue'],['EClass.QualifierValue','EAnnotation.QualifierValue']"," 1 2 ""{'changeType': 'Add', 'type': 'reference', 'referenceTypeName': 'details'}"" _ ""{'changeType': 'Add', 'type': 'object', 'className': 'EStringToStringMapEntry', 'attributes': {'id': '_0oCL4t6tEei97MD7GK1RmA', 'key':'documentation','value':'A qualifier value is not an action. It is an element that identifies links. It gives a single qualifier within a link end data specification.\\n<p>Merged from package UML (URI {@literal http://www.omg.o'}}""

$$",['Add_node'],"['EAnnotation.QualifierValue','EStringToStringMapEntry.documentation']",EStringToStringMapEntry.documentation,EAnnotation.QualifierValue,"[""['EAnnotation.QualifierValue', 'EAnnotation.QualifierValue.analyzablevalue']]."", ""['EClass.Qualifier', 'EAnnotation.Qualifier']].\n['EClass.QualifierValue',"", ""['EClass.QualifierValue', 'EClass.QualifierValue'],['EAnnotation.QualifierValue',"", ""['EAnnotation.QualifierValue', 'EStringToStringMapEntry.conceptKey'], ['EAnnotation"", ""['EAnnotation.QualifierValue', 'EAnnotationQualifierValue.documentation']].\n['EAnnotation.Qualifier"", ""['EClass.Classification', 'EAnnotation.Classification']].\n['EClass.qualifierValue',"", ""['EAnnotation.QualifierValue', 'EStringToStringMapEntry.id']].\n['EAnnotation.Qual""]","['EAnnotation.QualifierValue','EStringToStringMapEntry.documentation']","['EAnnotation.QualifierValue','EAnnotation.QualifierValue.analyzablevalue']",EAnnotation.QualifierValue,False,False,EStringToStringMapEntry,documentation,EAnnotation,QualifierValue,False,False
153,153,153,experiment_samples/modeling.mdt.uml2!!plugins_org.eclipse.uml2.uml_model_UML.ecore/test_samples.jsonl,"['EAnnotation.type','EStringToStringMapEntry.documentation'],['EReference.type','EAnnotation.type'],['EReference.type','EAnnotation.type']"," 1 4 ""{'changeType': 'Add', 'type': 'reference', 'referenceTypeName': 'details'}"" _ ""{'changeType': 'Add', 'type': 'object', 'className': 'EStringToStringMapEntry', 'attributes': {'id': '_0oB2LN6tEei97MD7GK1RmA', 'key':'documentation','value':'This information is derived from the return result for this Operation.\\nSpecifies the return result of the operation, if present.\\n<p>Merged from package UML (URI {@literal http://www.omg.org/spec/UML/2'}}""

$$",['Add_node'],"['EAnnotation.type','EStringToStringMapEntry.documentation']",EStringToStringMapEntry.documentation,EAnnotation.type,"[""['EAnnotation.type', 'EStringToStringMapEntry.author'], ['EAnnotation.type', 'E"", ""['EAnnotation.type', 'EAnnotation.type']].\n['EReference.type', 'EReference.type"", ""['annotation.type', 'EAnnotation.type']].\n['EReference.type', 'EAnnotation.type"", ""['EAnnotation.type', 'EAnnotation.type'],['EAnnotation.type', 'EAnnotation.type']]."", ""['EAnnotation.type', 'EAnnotation.type'], ['EAnnotation.type', 'EAnnotation.type']"", ""['EReference.type', 'EReference.type'],['EReference.type', 'EAnnotation"", ""['EAnnotation.type', 'EStringToStringMapEntry.language']]]\n\n  # Convert this concept map""]","['EAnnotation.type','EStringToStringMapEntry.documentation']","['EAnnotation.type','EAnnotation.type']",EAnnotation.type,False,False,EStringToStringMapEntry,documentation,EAnnotation,type,False,False
154,154,154,experiment_samples/modeling.mdt.uml2!!plugins_org.eclipse.uml2.uml_model_UML.ecore/test_samples.jsonl,"['EAnnotation.Type','EStringToStringMapEntry.documentation'],['EClass.Type','EAnnotation.Type'],['EClass.Type','EAnnotation.Type']"," 2 1 ""{'changeType': 'Add', 'type': 'reference', 'referenceTypeName': 'details'}"" _ ""{'changeType': 'Add', 'type': 'object', 'className': 'EStringToStringMapEntry', 'attributes': {'id': '_0oBvft6tEei97MD7GK1RmA', 'key':'documentation','value':'A type is a named element that is used as the type for a typed element. A type can be contained in a package.\\nA type constrains the values represented by a typed element.\\n<p>Merged from package UML (U'}}""

$$",['Add_node'],"['EAnnotation.Type','EStringToStringMapEntry.documentation']",EStringToStringMapEntry.documentation,EAnnotation.Type,"[""['EAnnotation.Type', 'EStringToStringMapEntry.documentator'], ['EAnnotation.Type', '"", ""['EClass.Type', 'EAnnotationType.Type']].\n['EClass.Type', 'EAnnotation"", ""['EClass.Type', 'EClass.Type'], ['EClass.Type', 'EAnnotation.Type']"", ""['EAnnotation.Type', 'EAnnotation.type'].\n['EAnnotation.Type', 'EAnnotation.type"", ""['EAnnotation.Type', 'EStringToStringMapEntry.name'], ['EAnnotation.Type', 'E"", ""['EClass.Context', 'EAnnotation.Context'], ['EClass.Generator', 'EAnnotation.G"", ""['EAnnotation.Type', 'EStringToStringMapEntry.id'], ['EAnnotation.Type', 'E""]","['EAnnotation.Type','EStringToStringMapEntry.documentation']","['EAnnotation.Type','EStringToStringMapEntry.documentator']",EAnnotation.Type,False,False,EStringToStringMapEntry,documentation,EAnnotation,Type,False,False
156,156,156,experiment_samples/modeling.mdt.uml2!!plugins_org.eclipse.uml2.uml_model_UML.ecore/test_samples.jsonl,"['EAnnotation.LiteralNull','EStringToStringMapEntry.documentation'],['EClass.LiteralNull','EAnnotation.LiteralNull'],['EClass.LiteralNull','EAnnotation.LiteralNull']"," 2 1 ""{'changeType': 'Add', 'type': 'reference', 'referenceTypeName': 'details'}"" _ ""{'changeType': 'Add', 'type': 'object', 'className': 'EStringToStringMapEntry', 'attributes': {'id': '_oBpnAt6tEei97MD7GK1RmA', 'key':'documentation','value':'A literal null specifies the lack of a value.'}}""

$$",['Add_node'],"['EAnnotation.LiteralNull','EStringToStringMapEntry.documentation']",EStringToStringMapEntry.documentation,EAnnotation.LiteralNull,"[""['EAnnotation.LiteralNull', 'EStringToStringMapEntry.keyword'], ['EAnnotation.Literal"", ""['EClass.LiteralNull', 'EObject.LiteralNull'].\n\nFacet relations:"", ""['EClass.LiteralNull', 'EAnnotation.LiteralNull'],['EAnnotation.LiteralNull',"", ""['EAnnotation.LiteralNull', 'EAnnotation.Documentation']].\n[['Type', 'Name'],"", ""['EAnnotation.LiteralNull', 'EAnnotation.LiteralNull']].\n['EAnnotation.Literal"", ""['EClass.LiteralNull', 'EAnnotation.LiteralNull'], ['EAnnotation.LiteralNull"", ""['EAnnotation.LiteralNull', 'EAnnotation.LiteralNull.documentation'],\n['EAnnotation.Literal""]","['EAnnotation.LiteralNull','EStringToStringMapEntry.documentation']","['EClass.LiteralNull','EAnnotation.LiteralNull']",EAnnotation.LiteralNull,False,False,EStringToStringMapEntry,documentation,EAnnotation,LiteralNull,False,False
160,160,160,experiment_samples/modeling.mdt.uml2!!plugins_org.eclipse.uml2.uml_model_UML.ecore/test_samples.jsonl,"['EAnnotation.represented','EStringToStringMapEntry.documentation'],['EReference.represented','EAnnotation.represented'],['EReference.represented','EAnnotation.represented']"," 2 1 ""{'changeType': 'Add', 'type': 'reference', 'referenceTypeName': 'details'}"" _ ""{'changeType': 'Add', 'type': 'object', 'className': 'EStringToStringMapEntry', 'attributes': {'id': '_0oCQJd6tEei97MD7GK1RmA', 'key':'documentation','value':'Determines the classifiers that will specify the structure and nature of the information. An information item represents all its represented classifiers.\\n<p>Merged from package UML (URI {@literal http'}}""

$$",['Add_node'],"['EAnnotation.represented','EStringToStringMapEntry.documentation']",EStringToStringMapEntry.documentation,EAnnotation.represented,"[""['EAnnotation.represented', 'EStringToStringMapEntry.text']].\n[['Person', '"", ""['EReference.represented', 'EAnnotation.represented'], ['EAnnotation.represent"", ""['Reference.represented', 'Annotation.represented']].\n['Reference.referencing', '"", ""['EAnnotation.represented', 'EAnnotation.represented'], ['EAnnotation.represented"", ""['EAnnotation.represented', 'EStringToStringMapEntry.reference']].\n['EAnnotation.re"", ""['EAnnotation.represented', 'EReference.represented']].\n[['Student', '"", ""['EAnnotation.represented', 'EStringToStringMapEntry.representation']].\n['EAnnotation""]","['EAnnotation.represented','EStringToStringMapEntry.documentation']","['EAnnotation.represented','EStringToStringMapEntry.text']",EAnnotation.represented,False,False,EStringToStringMapEntry,documentation,EAnnotation,represented,False,False
166,166,166,experiment_samples/modeling.mdt.uml2!!plugins_org.eclipse.uml2.uml_model_UML.ecore/test_samples.jsonl,"['EAnnotation.toAfter','EStringToStringMapEntry.documentation'],['EReference.toAfter','EAnnotation.toAfter'],['EReference.toAfter','EAnnotation.toAfter']"," 1 4 ""{'changeType': 'Add', 'type': 'reference', 'referenceTypeName': 'details'}"" _ ""{'changeType': 'Add', 'type': 'object', 'className': 'EStringToStringMapEntry', 'attributes': {'id': '_0oCF396tEei97MD7GK1RmA', 'key':'documentation','value':'References the GeneralOrderings that specify EventOcurrences that must occur after this OccurrenceSpecification\\n<p>Merged from package UML (URI {@literal http://www.omg.org/spec/UML/20110701}).</p>'}}""

$$",['Add_node'],"['EAnnotation.toAfter','EStringToStringMapEntry.documentation']",EStringToStringMapEntry.documentation,EAnnotation.toAfter,"[""['EAnnotation.toBefore', 'EStringToStringMapEntry.documentation']].\n['EAnnotation.toBefore"", ""['EReference.toBefore', 'EAnnotation.toBefore'].\n[['firstName', 'lastName'], ['"", ""['EReference.toBefore', 'EAnnotation.toBefore']].\n['EAnnotation.toBefore',"", ""['EAnnotation.toBefore', 'EStringToStringMapEntry.documentation']].\n['EAnnotation.toBefore"", ""['EAnnotation.toAfter', 'EAnnotation.toAfter']].\n['EAnnotation.toAfter', '"", ""['EAnnotation.toAfter', 'EReference.toAfter']].\n['EAnnotation.toAfter',"", ""['EAnnotation.toBefore', 'EStringToStringMapEntry.documentation']].\n['EAnnotation.toAfter""]","['EAnnotation.toAfter','EStringToStringMapEntry.documentation']","['EAnnotation.toBefore','EStringToStringMapEntry.documentation']",EAnnotation.toBefore,False,False,EStringToStringMapEntry,documentation,EAnnotation,toBefore,False,False
171,171,171,experiment_samples/modeling.mdt.uml2!!plugins_org.eclipse.uml2.uml_model_UML.ecore/test_samples.jsonl,"['EAnnotation.Type','EStringToStringMapEntry.documentation'],['EClass.Type','EAnnotation.Type'],['EClass.Type','EAnnotation.Type']"," 3 1 ""{'changeType': 'Add', 'type': 'reference', 'referenceTypeName': 'details'}"" _ ""{'changeType': 'Add', 'type': 'object', 'className': 'EStringToStringMapEntry', 'attributes': {'id': '_oBpbbd6tEei97MD7GK1RmA', 'key':'documentation','value':'A type is a named element that is used as the type for a typed element. A type can be contained in a package.\\r\\nA type constrains the values represented by a typed element.'}}""

$$",['Add_node'],"['EAnnotation.Type','EStringToStringMapEntry.documentation']",EStringToStringMapEntry.documentation,EAnnotation.Type,"[""['EAnnotation.Type', 'EStringToStringMapEntry.content'], ['EAnnotation.Type', 'E"", ""['EClass.Type', 'EClass.Type'],['EAnnotation.Type', 'EAnnotation.Type']]."", ""['EAnnotation.Type', 'Annotation.Introduction']].\n['AircraftType', 'Aircraft'],"", ""['EAnnotation.Type', 'EStringToStringMapEntry.content']].\n['EAnnotation.Type', '"", ""['EAnnotation.Type', 'EStringToStringMapEntry.target'], ['EAnnotation.Type', 'E"", ""['Course', 'EClass'], ['Course', 'EClass']].\n['Female', 'Person"", ""['EAnnotation.Type', 'EStringToStringMapEntry.content'], ['EAnnotation.Type', 'E""]","['EAnnotation.Type','EStringToStringMapEntry.documentation']","['EAnnotation.Type','EStringToStringMapEntry.content']",EAnnotation.Type,False,False,EStringToStringMapEntry,documentation,EAnnotation,Type,False,False
181,181,181,experiment_samples/modeling.mdt.uml2!!plugins_org.eclipse.uml2.uml_model_UML.ecore/test_samples.jsonl,"['EAnnotation.class_behavior','EStringToStringMapEntry.documentation'],['EOperation.class_behavior','EAnnotation.class_behavior'],['EOperation.class_behavior','EAnnotation.class_behavior']"," 4 2 ""{'changeType': 'Add', 'type': 'reference', 'referenceTypeName': 'details'}"" _ ""{'changeType': 'Add', 'type': 'object', 'className': 'EStringToStringMapEntry', 'attributes': {'id': '_1u0VFd6tEei97MD7GK1RmA', 'key':'documentation','value':'If a behavior is classifier behavior, it does not have a specification.\\nclassifierBehavior->notEmpty() implies classifierBehavior.specification->isEmpty()'}}""

$$",['Add_node'],"['EAnnotation.class_behavior','EStringToStringMapEntry.documentation']",EStringToStringMapEntry.documentation,EAnnotation.class_behavior,"[""['EAnnotation.class_behavior', 'EStringToStringMapEntry']].\n[['EAnnotation.class_behavior',"", ""['EBestBehavior.class_behavior', 'EAnnotation.class_behavior'], ['EBestBehavior.class_behavior',"", ""['EOperation.class_behavior', 'EOperation.class_behavior']].\n['EOperation.class_behavior', '"", ""['EAnnotation.class_behavior', 'EStringToStringMapEntry.documentation']].\n['EAnnotation.class_behavior"", ""['EAnnotation.class_behavior', 'EStringToStringMapEntry.documentation']].\n['EAnnotation.class_behavior"", ""['ERole.class_behavior', 'EAnnotation.class_behavior']].\n['EState.class_behavior', '"", ""['EAnnotation.class_behavior', 'EStringToStringMapEntry.class']].\n\nSelect concepts: \n\n[['""]","['EAnnotation.class_behavior','EStringToStringMapEntry.documentation']","['EAnnotation.class_behavior','EStringToStringMapEntry.documentation']",EAnnotation.class_behavior,True,False,EStringToStringMapEntry,documentation,EAnnotation,class_behavior,False,False
184,184,184,experiment_samples/modeling.mdt.uml2!!plugins_org.eclipse.uml2.uml_model_UML.ecore/test_samples.jsonl,"['EClass.Extension','EOperation.getStereotype']"," 1 2 ""{'changeType': 'Add', 'type': 'reference', 'referenceTypeName': 'eOperations'}"" _ ""{'changeType': 'Add', 'type': 'object', 'className': 'EOperation', 'attributes': {'id': '_lU7gFt6tEei97MD7GK1RmA', 'name':'getStereotypeEnd','ordered':'false','unique':'true','lowerBound':'0','upperBound':'1','many':'false','required':'false','eType':'Property','eGenericType':'org.eclipse.emf.ecore.impl.EGenericTypeImpl@601a1733 (expression: Property)','eContainingClass':'Extension'}}""

$$",['Add_node'],"['EClass.Extension','EOperation.getStereotypeEnd']",EOperation.getStereotypeEnd,EClass.Extension,"[""['EClass.Extension', 'EOperation.getSuperType']].\n[['Room', 'Costable'],""]","['EClass.Extension','EOperation.getStereotypeEnd']","['EClass.Extension','EOperation.getSuperType']",EClass.Extension,False,False,EOperation,getStereotypeEnd,EClass,Extension,False,False
189,189,189,experiment_samples/modeling.mdt.uml2!!plugins_org.eclipse.uml2.uml_model_UML.ecore/test_samples.jsonl,"['EAnnotation.second','EStringToStringMapEntry.documentation'],['EReference.second','EAnnotation.second'],['EReference.second','EAnnotation.second']"," 1 2 ""{'changeType': 'Add', 'type': 'reference', 'referenceTypeName': 'details'}"" _ ""{'changeType': 'Add', 'type': 'object', 'className': 'EStringToStringMapEntry', 'attributes': {'id': '_0oJqiN6tEei97MD7GK1RmA', 'key':'documentation','value':'Gives the pin on which an object is placed.\\n<p>Merged from package UML (URI {@literal http://www.omg.org/spec/UML/20110701}).</p>'}}""

$$",['Add_node'],"['EAnnotation.second','EStringToStringMapEntry.documentation']",EStringToStringMapEntry.documentation,EAnnotation.second,"[""['EAnnotation.value', 'EStringToStringMapEntry.documentation']].\n['EAnnotation.first', '"", ""['EAnnotation.second', 'EAnnotation.second'], ['EReference.second', 'EReference"", ""['EReference.first', 'EAnnotation.first']].\n['EReference.second', 'E"", ""['EAnnotation.vocabulary', 'EStringToStringMapEntry.documentation'], ['EAnnotation.vocabulary',"", ""['EAnnotation.egoState', 'EStringToStringMapEntry.documentation'], ['EAnnotation.ego"", ""['EReference.second', 'EAnnotation.fifth'], ['EReference.second', 'E"", ""['EAnnotation.second', 'EStringToStringMapEntry.base'], ['EAnnotation.second', 'E""]","['EAnnotation.second','EStringToStringMapEntry.documentation']","['EAnnotation.value','EStringToStringMapEntry.documentation']",EStringToStringMapEntry.documentation,False,True,EStringToStringMapEntry,documentation,EStringToStringMapEntry,documentation,True,True
195,195,195,experiment_samples/modeling.mdt.uml2!!plugins_org.eclipse.uml2.uml_model_UML.ecore/test_samples.jsonl,"['EAnnotation.end_object_input_pin','EStringToStringMapEntry.documentation'],['EOperation.end_object_input_pin','EAnnotation.end_object_input_pin'],['EOperation.end_object_input_pin','EAnnotation.end_object_input_pin']"," 2 3 ""{'changeType': 'Add', 'type': 'reference', 'referenceTypeName': 'details'}"" _ ""{'changeType': 'Add', 'type': 'object', 'className': 'EStringToStringMapEntry', 'attributes': {'id': '_1u0tQ96tEei97MD7GK1RmA', 'key':'documentation','value':'The value InputPin is not also the qualifier value InputPin.\\nvalue->excludesAll(qualifier.value)'}}""

$$",['Add_node'],"['EAnnotation.end_object_input_pin','EStringToStringMapEntry.documentation']",EStringToStringMapEntry.documentation,EAnnotation.end_object_input_pin,"[""['EAnnotation.end_object_input_pin', 'EAnnotation.end_object_input_pin.documentation'], ['EAnnotation"", ""['EOperation.end_object_input_pin', 'EAnnotation.end_object_output']].\n['EOperation.end"", ""['EOperation.end_object_output_pin', 'EAnnotation.end_object_output_pin']].\n[['Event',"", ""['EAnnotation.end_object_input_pin', 'EStringToStringMapEntry.documentation']].\n['EAnnotation"", ""['EAnnotation.end_object_input_pin', 'EStringToStringMapEntry.documentation']].\n['EAnnotation"", ""['EOperation.end_object_input_pin', 'EAnnotation.end_object_input_pin']].\n['EAnnotation"", ""['EAnnotation.end_object_input_pin', 'EStringToStringMapEntry.name']].\n['EAnnotation""]","['EAnnotation.end_object_input_pin','EStringToStringMapEntry.documentation']","['EAnnotation.end_object_input_pin','EStringToStringMapEntry.documentation']",EAnnotation.end_object_input_pin,True,False,EStringToStringMapEntry,documentation,EAnnotation,end_object_input_pin,False,False
209,209,209,experiment_samples/modeling.mdt.uml2!!plugins_org.eclipse.uml2.uml_model_UML.ecore/test_samples.jsonl,"['EAnnotation.association_ends','EStringToStringMapEntry.documentation'],['EOperation.association_ends','EAnnotation.association_ends'],['EOperation.association_ends','EAnnotation.association_ends']"," 3 0 ""{'changeType': 'Add', 'type': 'reference', 'referenceTypeName': 'details'}"" _ ""{'changeType': 'Add', 'type': 'object', 'className': 'EStringToStringMapEntry', 'attributes': {'id': '_1u0bU96tEei97MD7GK1RmA', 'key':'documentation','value':'Ends of Associations with more than two ends must be owned by the Association itself.\\nmemberEnd->size() > 2 implies ownedEnd->includesAll(memberEnd)'}}""

$$",['Add_node'],"['EAnnotation.association_ends','EStringToStringMapEntry.documentation']",EStringToStringMapEntry.documentation,EAnnotation.association_ends,"[""['EAnnotation.association_ends', 'EAnnotation.association_ends']].\n['EAnnotation.association"", ""['EOperation.association_ends', 'EAnnotation.association_ends']].\n\n3.3.5"", ""['EOperation.association_concept', 'EAnnotation.association_concept']].\n\nGenerate a list"", ""['EAnnotation.association_ends', 'EStringToEAnnotationEntry.documentation']].\n['EAnnotation"", ""['EAnnotation.association_ends', 'EClassification'].\n['EAnnotation.association_ends', '"", ""['EAnnotation.association_ends', 'EAnnotation.association_ends']].\n['EAnnotation.association"", ""['EAnnotation.association_ends', 'EStringStringMapEntry.documentation']].\n[['Person', '""]","['EAnnotation.association_ends','EStringToStringMapEntry.documentation']","['EAnnotation.association_ends','EAnnotation.association_ends']",EAnnotation.association_ends,False,False,EStringToStringMapEntry,documentation,EAnnotation,association_ends,False,False
212,212,212,experiment_samples/modeling.mdt.uml2!!plugins_org.eclipse.uml2.uml_model_UML.ecore/test_samples.jsonl,"['EAnnotation.binary_associations','EStringToStringMapEntry.documentation'],['EOperation.binary_associations','EAnnotation.binary_associations'],['EOperation.binary_associations','EAnnotation.binary_associations']"," 1 3 ""{'changeType': 'Add', 'type': 'reference', 'referenceTypeName': 'details'}"" _ ""{'changeType': 'Add', 'type': 'object', 'className': 'EStringToStringMapEntry', 'attributes': {'id': '_1u0o6t6tEei97MD7GK1RmA', 'key':'documentation','value':'UseCases can only be involved in binary Associations.\\nAssociation.allInstances()->forAll(a | a.memberEnd.type->includes(self) implies a.memberEnd->size() = 2)'}}""

$$",['Add_node'],"['EAnnotation.binary_associations','EStringToStringMapEntry.documentation']",EStringToStringMapEntry.documentation,EAnnotation.binary_associations,"[""['EAnnotation.binary_associations', 'EAnnotation.binary_associations.fragments']].\n\n# Generate relations of"", ""['EAnnotation.text', 'EAnnotation.text']].\n['EAnnotation.binary_associations', 'E"", ""['EOperation.specific_associations', 'EAnnotation.specific_associations'], ['EAnnotation.k"", ""['EAnnotation.binary_associations', 'EStringToStringMapEntry.documentation']].\n['EAnnotation.binary"", ""['EAnnotation.associationTypes', 'EStringToStringMapEntry.documentation']].\n['EAnnotation.binary"", ""['EOperation.binary_associations', 'EAnnotation.binary_associations']].\n[['Department', 'Location"", ""['EAnnotation.binary_associations', 'EAnnotation.binary_associations']].\n[['Nurse', '""]","['EAnnotation.binary_associations','EStringToStringMapEntry.documentation']","['EAnnotation.binary_associations','EAnnotation.binary_associations.fragments']",EAnnotation.binary_associations,False,False,EStringToStringMapEntry,documentation,EAnnotation,binary_associations,False,False
214,214,214,experiment_samples/modeling.mdt.uml2!!plugins_org.eclipse.uml2.uml_model_UML.ecore/test_samples.jsonl,"['EAnnotation.result','EStringToStringMapEntry.documentation'],['EReference.result','EAnnotation.result'],['EReference.result','EAnnotation.result']"," 1 2 ""{'changeType': 'Add', 'type': 'reference', 'referenceTypeName': 'details'}"" _ ""{'changeType': 'Add', 'type': 'object', 'className': 'EStringToStringMapEntry', 'attributes': {'id': '_0oJov96tEei97MD7GK1RmA', 'key':'documentation','value':'Gives the output pin on which the result is put.\\n<p>Merged from package UML (URI {@literal http://www.omg.org/spec/UML/20110701}).</p>'}}""

$$",['Add_node'],"['EAnnotation.result','EStringToStringMapEntry.documentation']",EStringToStringMapEntry.documentation,EAnnotation.result,"[""['EAnnotation.result', 'EStringToStringMapEntry.documentation'],['EAnnotation.result', 'EString"", ""['EAnnotation.result', 'EAnnotation.result'], ['EReference.result', 'EAnnotation.result']"", ""['EAnnotation', 'EAnnotation'], ['EReference', 'EAnnotation']].\n['ERe"", ""['EAnnotation.result', 'EStringToStringMapEntry.name']].\n['EAnnotation.result', '"", ""['EAnnotation.result', 'EStringToStringMapEntry.documentation']].\n['EAnnotation.result', '"", ""['EReference.result', 'EAnnotation.result'], ['EReference.result', 'EAnnotation"", ""['EAnnotation.result', 'EStringToStringMapEntry.annotation'], ['EAnnotation.result', 'E""]","['EAnnotation.result','EStringToStringMapEntry.documentation']","['EAnnotation.result','EStringToStringMapEntry.documentation']",EAnnotation.result,True,False,EStringToStringMapEntry,documentation,EAnnotation,result,False,False
220,220,220,experiment_samples/modeling.mdt.uml2!!plugins_org.eclipse.uml2.uml_model_UML.ecore/test_samples.jsonl,"['EAnnotation.substitutingClassifier','EStringToStringMapEntry.documentation'],['EReference.substitutingClassifier','EAnnotation.substitutingClassifier'],['EReference.substitutingClassifier','EAnnotation.substitutingClassifier']"," 3 1 ""{'changeType': 'Add', 'type': 'reference', 'referenceTypeName': 'details'}"" _ ""{'changeType': 'Add', 'type': 'object', 'className': 'EStringToStringMapEntry', 'attributes': {'id': '_0oB-5t6tEei97MD7GK1RmA', 'key':'documentation','value':'Instances of the substituting classifier are runtime substitutable where instances of the contract classifier are expected.\\n<p>Merged from package UML (URI {@literal http://www.omg.org/spec/UML/201107'}}""

$$",['Add_node'],"['EAnnotation.substitutingClassifier','EStringToStringMapEntry.documentation']",EStringToStringMapEntry.documentation,EAnnotation.substitutingClassifier,"[""['EAnnotation.substitutingClassifier', 'EStringToStringMapEntry.classification'], ['EAnnotation"", ""['EAnnotation.substitutingClassifier', 'EAnnotation.substitutingClassifier'], ['EReference"", ""['EAnnotation.substitutingClassifier', 'EAnnotation.substitutingClassifier']].\n['ERe"", ""['EAnnotation.substitutingClassifier', 'EAnnotation.substitutingClassifier.documentation']].\n\n- Can"", ""['EAnnotation.substitutingClassifier', 'EStringToStringMapEntry']['EAnnotation.substituting"", ""['EAnnotation.substitutingClass', 'EAnnotation.substitutingClass'], ['EAnnotation.sub"", ""['EAnnotation.substitutingClassifier', 'EStringToStringMapEntry.annotationClass'], ['EAnnotation""]","['EAnnotation.substitutingClassifier','EStringToStringMapEntry.documentation']","['EAnnotation.substitutingClassifier','EAnnotation.substitutingClassifier']",EAnnotation.substitutingClassifier,False,False,EStringToStringMapEntry,documentation,EAnnotation,substitutingClassifier,False,False
